council_district,race,candidate,party,votes,race_total,vote_share_pct
1ST,22ND STATE SENATE DIST,SUSAN RUBIO,DEM,894,1600,55.88
1ST,22ND STATE SENATE DIST,VINCENT TSAI,REP,450,1600,28.12
1ST,22ND STATE SENATE DIST,KIMO MATEO,REP,256,1600,16.0
1ST,31ST CONGRESS DIST,GRACE F NAPOLITANO,DEM,876,1626,53.87
1ST,31ST CONGRESS DIST,DANIEL B MARTINEZ,REP,678,1626,41.7
1ST,31ST CONGRESS DIST,ROCCO A DE LUCA,DEM,72,1626,4.43
1ST,41ST ASSEMBLY DIST,CHRIS HOLDEN,DEM,1021,1021,100.0
1ST,ATTORNEY GENERAL,ROB BONTA,DEM,820,1628,50.37
1ST,ATTORNEY GENERAL,NATHAN HOCHMAN,REP,334,1628,20.52
1ST,ATTORNEY GENERAL,ERIC EARLY,REP,296,1628,18.18
1ST,ATTORNEY GENERAL,ANNE M SCHUBERT,NP,137,1628,8.42
1ST,ATTORNEY GENERAL,DAN KAPELOVITZ,GRN,41,1628,2.52
1ST,GOVERNOR,GAVIN NEWSOM,DEM,875,1696,51.59
1ST,GOVERNOR,BRIAN DAHLE,REP,248,1696,14.62
1ST,GOVERNOR,JENNY RAE LE ROUX,REP,132,1696,7.78
1ST,GOVERNOR,M SHELLENBERGER,NP,119,1696,7.02
1ST,GOVERNOR,ANTHONY TRIMINO,REP,80,1696,4.72
1ST,GOVERNOR,DAVID LOZANO,REP,34,1696,2.0
1ST,GOVERNOR,MAJOR WILLIAMS,REP,34,1696,2.0
1ST,GOVERNOR,RONALD A ANDERSON,REP,28,1696,1.65
1ST,GOVERNOR,LUIS J RODRIGUEZ,GRN,26,1696,1.53
1ST,GOVERNOR,SHAWN COLLINS,REP,22,1696,1.3
1ST,GOVERNOR,LEO S ZACKY,REP,17,1696,1.0
1ST,GOVERNOR,ROBERT C NEWMAN II,REP,16,1696,0.94
1ST,GOVERNOR,DANIEL R MERCURI,REP,13,1696,0.77
1ST,GOVERNOR,JOEL VENTRESCA,DEM,13,1696,0.77
1ST,GOVERNOR,RON JONES,REP,8,1696,0.47
1ST,GOVERNOR,W W SANDERS III,NP,8,1696,0.47
1ST,GOVERNOR,A M PEREZ-SERRATO,DEM,5,1696,0.29
1ST,GOVERNOR,FREDERIC C SCHULTZ,NP,4,1696,0.24
1ST,GOVERNOR,REINETTE SENUM,NP,4,1696,0.24
1ST,GOVERNOR,CRISTIAN R MORALES,REP,3,1696,0.18
1ST,GOVERNOR,LONNIE SORTOR,REP,3,1696,0.18
1ST,GOVERNOR,HEATHER COLLINS,GRN,2,1696,0.12
1ST,GOVERNOR,ANTHONY FANARA,DEM,1,1696,0.06
1ST,GOVERNOR,BRADLEY ZINK,NP,1,1696,0.06
1ST,GOVERNOR,JAMES G HANINK,NP,0,1696,0.0
1ST,GOVERNOR,SERGE FIANKAN,NP,0,1696,0.0
1ST,LA VERNE CY GEN MUNI-CNC 1,STEVEN F JOHNSON,,877,1645,53.31
1ST,LA VERNE CY GEN MUNI-CNC 1,MUIR DAVIS,,768,1645,46.69
1ST,LIEUTENANT GOVERNOR,ELENI KOUNALAKIS,DEM,777,1620,47.96
1ST,LIEUTENANT GOVERNOR,A UNDERWOOD JACOBS,REP,385,1620,23.77
1ST,LIEUTENANT GOVERNOR,DAVID FENNELL,REP,209,1620,12.9
1ST,LIEUTENANT GOVERNOR,CLINT W SAUNDERS,REP,108,1620,6.67
1ST,LIEUTENANT GOVERNOR,WILLIAM C SAACKE,DEM,61,1620,3.77
1ST,LIEUTENANT GOVERNOR,MOHAMMAD ARIF,PF,37,1620,2.28
1ST,LIEUTENANT GOVERNOR,JEFFREY H MORGAN,DEM,34,1620,2.1
1ST,LIEUTENANT GOVERNOR,DAVID HILLBERG,NP,9,1620,0.56
1ST,SECRETARY OF STATE,SHIRLEY N WEBER,DEM,855,1596,53.57
1ST,SECRETARY OF STATE,ROB BERNOSKY,REP,337,1596,21.12
1ST,SECRETARY OF STATE,RACHEL HAMM,REP,245,1596,15.35
1ST,SECRETARY OF STATE,JAMES PAINE,REP,63,1596,3.95
1ST,SECRETARY OF STATE,GARY N BLENNER,GRN,49,1596,3.07
1ST,SECRETARY OF STATE,RAUL RODRIGUEZ JR,REP,35,1596,2.19
1ST,SECRETARY OF STATE,M D CINQUANTA,NP,12,1596,0.75
1ST,SUPERINTENDENT PUBLIC INST,TONY K THURMOND,,759,1498,50.67
1ST,SUPERINTENDENT PUBLIC INST,GEORGE YANG,,194,1498,12.95
1ST,SUPERINTENDENT PUBLIC INST,L R CHRISTENSEN,,185,1498,12.35
1ST,SUPERINTENDENT PUBLIC INST,JIM GIBSON,,129,1498,8.61
1ST,SUPERINTENDENT PUBLIC INST,AINYE E LONG,,102,1498,6.81
1ST,SUPERINTENDENT PUBLIC INST,MARCO AMARAL,,99,1498,6.61
1ST,SUPERINTENDENT PUBLIC INST,JOSEPH G CAMPBELL,,30,1498,2.0
1ST,SUPERVISOR 1ST DISTRICT,HILDA SOLIS,,180,300,60.0
1ST,SUPERVISOR 1ST DISTRICT,KEVIN DALTON,,42,300,14.0
1ST,SUPERVISOR 1ST DISTRICT,BRIAN SMITH,,34,300,11.33
1ST,SUPERVISOR 1ST DISTRICT,DAVID E ARGUDO,,30,300,10.0
1ST,SUPERVISOR 1ST DISTRICT,TAMMY SOLIS,,14,300,4.67
2ND,22ND STATE SENATE DIST,SUSAN RUBIO,DEM,696,1319,52.77
2ND,22ND STATE SENATE DIST,VINCENT TSAI,REP,421,1319,31.92
2ND,22ND STATE SENATE DIST,KIMO MATEO,REP,202,1319,15.31
2ND,31ST CONGRESS DIST,GRACE F NAPOLITANO,DEM,665,1338,49.7
2ND,31ST CONGRESS DIST,DANIEL B MARTINEZ,REP,608,1338,45.44
2ND,31ST CONGRESS DIST,ROCCO A DE LUCA,DEM,65,1338,4.86
2ND,41ST ASSEMBLY DIST,CHRIS HOLDEN,DEM,788,788,100.0
2ND,ATTORNEY GENERAL,ROB BONTA,DEM,642,1345,47.73
2ND,ATTORNEY GENERAL,ERIC EARLY,REP,330,1345,24.54
2ND,ATTORNEY GENERAL,NATHAN HOCHMAN,REP,247,1345,18.36
2ND,ATTORNEY GENERAL,ANNE M SCHUBERT,NP,101,1345,7.51
2ND,ATTORNEY GENERAL,DAN KAPELOVITZ,GRN,25,1345,1.86
2ND,GOVERNOR,GAVIN NEWSOM,DEM,667,1355,49.23
2ND,GOVERNOR,BRIAN DAHLE,REP,283,1355,20.89
2ND,GOVERNOR,M SHELLENBERGER,NP,73,1355,5.39
2ND,GOVERNOR,ANTHONY TRIMINO,REP,70,1355,5.17
2ND,GOVERNOR,JENNY RAE LE ROUX,REP,44,1355,3.25
2ND,GOVERNOR,SHAWN COLLINS,REP,30,1355,2.21
2ND,GOVERNOR,DAVID LOZANO,REP,29,1355,2.14
2ND,GOVERNOR,RONALD A ANDERSON,REP,24,1355,1.77
2ND,GOVERNOR,MAJOR WILLIAMS,REP,23,1355,1.7
2ND,GOVERNOR,LEO S ZACKY,REP,21,1355,1.55
2ND,GOVERNOR,ROBERT C NEWMAN II,REP,18,1355,1.33
2ND,GOVERNOR,DANIEL R MERCURI,REP,14,1355,1.03
2ND,GOVERNOR,JOEL VENTRESCA,DEM,14,1355,1.03
2ND,GOVERNOR,LUIS J RODRIGUEZ,GRN,12,1355,0.89
2ND,GOVERNOR,RON JONES,REP,12,1355,0.89
2ND,GOVERNOR,REINETTE SENUM,NP,6,1355,0.44
2ND,GOVERNOR,W W SANDERS III,NP,4,1355,0.3
2ND,GOVERNOR,A M PEREZ-SERRATO,DEM,3,1355,0.22
2ND,GOVERNOR,CRISTIAN R MORALES,REP,3,1355,0.22
2ND,GOVERNOR,ANTHONY FANARA,DEM,2,1355,0.15
2ND,GOVERNOR,FREDERIC C SCHULTZ,NP,1,1355,0.07
2ND,GOVERNOR,HEATHER COLLINS,GRN,1,1355,0.07
2ND,GOVERNOR,LONNIE SORTOR,REP,1,1355,0.07
2ND,GOVERNOR,BRADLEY ZINK,NP,0,1355,0.0
2ND,GOVERNOR,JAMES G HANINK,NP,0,1355,0.0
2ND,GOVERNOR,SERGE FIANKAN,NP,0,1355,0.0
2ND,LIEUTENANT GOVERNOR,ELENI KOUNALAKIS,DEM,574,1331,43.13
2ND,LIEUTENANT GOVERNOR,A UNDERWOOD JACOBS,REP,300,1331,22.54
2ND,LIEUTENANT GOVERNOR,DAVID FENNELL,REP,217,1331,16.3
2ND,LIEUTENANT GOVERNOR,CLINT W SAUNDERS,REP,95,1331,7.14
2ND,LIEUTENANT GOVERNOR,WILLIAM C SAACKE,DEM,57,1331,4.28
2ND,LIEUTENANT GOVERNOR,JEFFREY H MORGAN,DEM,45,1331,3.38
2ND,LIEUTENANT GOVERNOR,DAVID HILLBERG,NP,24,1331,1.8
2ND,LIEUTENANT GOVERNOR,MOHAMMAD ARIF,PF,19,1331,1.43
2ND,SECRETARY OF STATE,SHIRLEY N WEBER,DEM,680,1339,50.78
2ND,SECRETARY OF STATE,ROB BERNOSKY,REP,311,1339,23.23
2ND,SECRETARY OF STATE,RACHEL HAMM,REP,229,1339,17.1
2ND,SECRETARY OF STATE,JAMES PAINE,REP,52,1339,3.88
2ND,SECRETARY OF STATE,RAUL RODRIGUEZ JR,REP,29,1339,2.17
2ND,SECRETARY OF STATE,GARY N BLENNER,GRN,25,1339,1.87
2ND,SECRETARY OF STATE,M D CINQUANTA,NP,13,1339,0.97
2ND,SUPERINTENDENT PUBLIC INST,TONY K THURMOND,,572,1249,45.8
2ND,SUPERINTENDENT PUBLIC INST,JIM GIBSON,,163,1249,13.05
2ND,SUPERINTENDENT PUBLIC INST,L R CHRISTENSEN,,151,1249,12.09
2ND,SUPERINTENDENT PUBLIC INST,GEORGE YANG,,132,1249,10.57
2ND,SUPERINTENDENT PUBLIC INST,AINYE E LONG,,112,1249,8.97
2ND,SUPERINTENDENT PUBLIC INST,MARCO AMARAL,,67,1249,5.36
2ND,SUPERINTENDENT PUBLIC INST,JOSEPH G CAMPBELL,,52,1249,4.16
3RD,22ND STATE SENATE DIST,VINCENT TSAI,REP,842,2007,41.95
3RD,22ND STATE SENATE DIST,SUSAN RUBIO,DEM,816,2007,40.66
3RD,22ND STATE SENATE DIST,KIMO MATEO,REP,349,2007,17.39
3RD,31ST CONGRESS DIST,DANIEL B MARTINEZ,REP,1152,2039,56.5
3RD,31ST CONGRESS DIST,GRACE F NAPOLITANO,DEM,802,2039,39.33
3RD,31ST CONGRESS DIST,ROCCO A DE LUCA,DEM,85,2039,4.17
3RD,41ST ASSEMBLY DIST,CHRIS HOLDEN,DEM,1021,1021,100.0
3RD,ATTORNEY GENERAL,ROB BONTA,DEM,754,2049,36.8
3RD,ATTORNEY GENERAL,NATHAN HOCHMAN,REP,584,2049,28.5
3RD,ATTORNEY GENERAL,ERIC EARLY,REP,492,2049,24.01
3RD,ATTORNEY GENERAL,ANNE M SCHUBERT,NP,189,2049,9.22
3RD,ATTORNEY GENERAL,DAN KAPELOVITZ,GRN,30,2049,1.46
3RD,GOVERNOR,GAVIN NEWSOM,DEM,793,2113,37.53
3RD,GOVERNOR,BRIAN DAHLE,REP,451,2113,21.34
3RD,GOVERNOR,JENNY RAE LE ROUX,REP,212,2113,10.03
3RD,GOVERNOR,M SHELLENBERGER,NP,184,2113,8.71
3RD,GOVERNOR,ANTHONY TRIMINO,REP,147,2113,6.96
3RD,GOVERNOR,DAVID LOZANO,REP,61,2113,2.89
3RD,GOVERNOR,RONALD A ANDERSON,REP,46,2113,2.18
3RD,GOVERNOR,MAJOR WILLIAMS,REP,41,2113,1.94
3RD,GOVERNOR,SHAWN COLLINS,REP,38,2113,1.8
3RD,GOVERNOR,LEO S ZACKY,REP,23,2113,1.09
3RD,GOVERNOR,RON JONES,REP,22,2113,1.04
3RD,GOVERNOR,LUIS J RODRIGUEZ,GRN,18,2113,0.85
3RD,GOVERNOR,ROBERT C NEWMAN II,REP,17,2113,0.8
3RD,GOVERNOR,REINETTE SENUM,NP,15,2113,0.71
3RD,GOVERNOR,JOEL VENTRESCA,DEM,14,2113,0.66
3RD,GOVERNOR,DANIEL R MERCURI,REP,7,2113,0.33
3RD,GOVERNOR,CRISTIAN R MORALES,REP,6,2113,0.28
3RD,GOVERNOR,A M PEREZ-SERRATO,DEM,4,2113,0.19
3RD,GOVERNOR,W W SANDERS III,NP,4,2113,0.19
3RD,GOVERNOR,ANTHONY FANARA,DEM,3,2113,0.14
3RD,GOVERNOR,FREDERIC C SCHULTZ,NP,3,2113,0.14
3RD,GOVERNOR,LONNIE SORTOR,REP,3,2113,0.14
3RD,GOVERNOR,BRADLEY ZINK,NP,1,2113,0.05
3RD,GOVERNOR,HEATHER COLLINS,GRN,0,2113,0.0
3RD,GOVERNOR,JAMES G HANINK,NP,0,2113,0.0
3RD,GOVERNOR,SERGE FIANKAN,NP,0,2113,0.0
3RD,LA VERNE CY GEN MUNI-CNC 3,M K KASHIFALGHITA,,1114,2046,54.45
3RD,LA VERNE CY GEN MUNI-CNC 3,M JOSEPH GABALDON,,932,2046,45.55
3RD,LIEUTENANT GOVERNOR,A UNDERWOOD JACOBS,REP,739,2034,36.33
3RD,LIEUTENANT GOVERNOR,ELENI KOUNALAKIS,DEM,719,2034,35.35
3RD,LIEUTENANT GOVERNOR,DAVID FENNELL,REP,301,2034,14.8
3RD,LIEUTENANT GOVERNOR,CLINT W SAUNDERS,REP,159,2034,7.82
3RD,LIEUTENANT GOVERNOR,WILLIAM C SAACKE,DEM,49,2034,2.41
3RD,LIEUTENANT GOVERNOR,JEFFREY H MORGAN,DEM,34,2034,1.67
3RD,LIEUTENANT GOVERNOR,MOHAMMAD ARIF,PF,19,2034,0.93
3RD,LIEUTENANT GOVERNOR,DAVID HILLBERG,NP,14,2034,0.69
3RD,SECRETARY OF STATE,SHIRLEY N WEBER,DEM,789,2005,39.35
3RD,SECRETARY OF STATE,ROB BERNOSKY,REP,695,2005,34.66
3RD,SECRETARY OF STATE,RACHEL HAMM,REP,383,2005,19.1
3RD,SECRETARY OF STATE,JAMES PAINE,REP,59,2005,2.94
3RD,SECRETARY OF STATE,RAUL RODRIGUEZ JR,REP,34,2005,1.7
3RD,SECRETARY OF STATE,GARY N BLENNER,GRN,31,2005,1.55
3RD,SECRETARY OF STATE,M D CINQUANTA,NP,14,2005,0.7
3RD,SUPERINTENDENT PUBLIC INST,TONY K THURMOND,,677,1869,36.22
3RD,SUPERINTENDENT PUBLIC INST,GEORGE YANG,,329,1869,17.6
3RD,SUPERINTENDENT PUBLIC INST,L R CHRISTENSEN,,320,1869,17.12
3RD,SUPERINTENDENT PUBLIC INST,JIM GIBSON,,269,1869,14.39
3RD,SUPERINTENDENT PUBLIC INST,AINYE E LONG,,116,1869,6.21
3RD,SUPERINTENDENT PUBLIC INST,MARCO AMARAL,,92,1869,4.92
3RD,SUPERINTENDENT PUBLIC INST,JOSEPH G CAMPBELL,,66,1869,3.53
4TH,22ND STATE SENATE DIST,VINCENT TSAI,REP,766,1812,42.27
4TH,22ND STATE SENATE DIST,SUSAN RUBIO,DEM,722,1812,39.85
4TH,22ND STATE SENATE DIST,KIMO MATEO,REP,324,1812,17.88
4TH,28TH CONGRESS DIST,DOROTHY CARONNA,DEM,0,0,
4TH,28TH CONGRESS DIST,GIULIANO DEPAOLIS,NP,0,0,
4TH,28TH CONGRESS DIST,JUDY CHU,DEM,0,0,
4TH,28TH CONGRESS DIST,WES HALLMAN,REP,0,0,
4TH,31ST CONGRESS DIST,DANIEL B MARTINEZ,REP,1054,1839,57.31
4TH,31ST CONGRESS DIST,GRACE F NAPOLITANO,DEM,711,1839,38.66
4TH,31ST CONGRESS DIST,ROCCO A DE LUCA,DEM,74,1839,4.02
4TH,41ST ASSEMBLY DIST,CHRIS HOLDEN,DEM,947,947,100.0
4TH,ATTORNEY GENERAL,ROB BONTA,DEM,656,1845,35.56
4TH,ATTORNEY GENERAL,NATHAN HOCHMAN,REP,530,1845,28.73
4TH,ATTORNEY GENERAL,ERIC EARLY,REP,446,1845,24.17
4TH,ATTORNEY GENERAL,ANNE M SCHUBERT,NP,168,1845,9.11
4TH,ATTORNEY GENERAL,DAN KAPELOVITZ,GRN,45,1845,2.44
4TH,GOVERNOR,GAVIN NEWSOM,DEM,707,1887,37.47
4TH,GOVERNOR,BRIAN DAHLE,REP,381,1887,20.19
4TH,GOVERNOR,JENNY RAE LE ROUX,REP,196,1887,10.39
4TH,GOVERNOR,M SHELLENBERGER,NP,149,1887,7.9
4TH,GOVERNOR,ANTHONY TRIMINO,REP,137,1887,7.26
4TH,GOVERNOR,DAVID LOZANO,REP,69,1887,3.66
4TH,GOVERNOR,SHAWN COLLINS,REP,49,1887,2.6
4TH,GOVERNOR,RONALD A ANDERSON,REP,27,1887,1.43
4TH,GOVERNOR,MAJOR WILLIAMS,REP,26,1887,1.38
4TH,GOVERNOR,JOEL VENTRESCA,DEM,23,1887,1.22
4TH,GOVERNOR,ROBERT C NEWMAN II,REP,21,1887,1.11
4TH,GOVERNOR,RON JONES,REP,20,1887,1.06
4TH,GOVERNOR,LEO S ZACKY,REP,15,1887,0.79
4TH,GOVERNOR,LUIS J RODRIGUEZ,GRN,14,1887,0.74
4TH,GOVERNOR,DANIEL R MERCURI,REP,13,1887,0.69
4TH,GOVERNOR,W W SANDERS III,NP,7,1887,0.37
4TH,GOVERNOR,A M PEREZ-SERRATO,DEM,6,1887,0.32
4TH,GOVERNOR,REINETTE SENUM,NP,6,1887,0.32
4TH,GOVERNOR,CRISTIAN R MORALES,REP,5,1887,0.26
4TH,GOVERNOR,HEATHER COLLINS,GRN,5,1887,0.26
4TH,GOVERNOR,FREDERIC C SCHULTZ,NP,4,1887,0.21
4TH,GOVERNOR,ANTHONY FANARA,DEM,3,1887,0.16
4TH,GOVERNOR,BRADLEY ZINK,NP,2,1887,0.11
4TH,GOVERNOR,JAMES G HANINK,NP,1,1887,0.05
4TH,GOVERNOR,LONNIE SORTOR,REP,1,1887,0.05
4TH,GOVERNOR,SERGE FIANKAN,NP,0,1887,0.0
4TH,LA VERNE CY GEN MUNI-CNC 4,TIM HEPBURN,,1557,1855,83.94
4TH,LA VERNE CY GEN MUNI-CNC 4,E V MALDONADO,,232,1855,12.51
4TH,LA VERNE CY GEN MUNI-CNC 4,RICH GILL,,66,1855,3.56
4TH,LIEUTENANT GOVERNOR,A UNDERWOOD JACOBS,REP,657,1835,35.8
4TH,LIEUTENANT GOVERNOR,ELENI KOUNALAKIS,DEM,631,1835,34.39
4TH,LIEUTENANT GOVERNOR,DAVID FENNELL,REP,316,1835,17.22
4TH,LIEUTENANT GOVERNOR,CLINT W SAUNDERS,REP,109,1835,5.94
4TH,LIEUTENANT GOVERNOR,WILLIAM C SAACKE,DEM,50,1835,2.72
4TH,LIEUTENANT GOVERNOR,JEFFREY H MORGAN,DEM,33,1835,1.8
4TH,LIEUTENANT GOVERNOR,MOHAMMAD ARIF,PF,33,1835,1.8
4TH,LIEUTENANT GOVERNOR,DAVID HILLBERG,NP,6,1835,0.33
4TH,SECRETARY OF STATE,SHIRLEY N WEBER,DEM,706,1780,39.66
4TH,SECRETARY OF STATE,ROB BERNOSKY,REP,620,1780,34.83
4TH,SECRETARY OF STATE,RACHEL HAMM,REP,304,1780,17.08
4TH,SECRETARY OF STATE,JAMES PAINE,REP,58,1780,3.26
4TH,SECRETARY OF STATE,GARY N BLENNER,GRN,39,1780,2.19
4TH,SECRETARY OF STATE,RAUL RODRIGUEZ JR,REP,37,1780,2.08
4TH,SECRETARY OF STATE,M D CINQUANTA,NP,16,1780,0.9
4TH,SUPERINTENDENT PUBLIC INST,TONY K THURMOND,,608,1651,36.83
4TH,SUPERINTENDENT PUBLIC INST,GEORGE YANG,,308,1651,18.66
4TH,SUPERINTENDENT PUBLIC INST,L R CHRISTENSEN,,243,1651,14.72
4TH,SUPERINTENDENT PUBLIC INST,JIM GIBSON,,238,1651,14.42
4TH,SUPERINTENDENT PUBLIC INST,MARCO AMARAL,,95,1651,5.75
4TH,SUPERINTENDENT PUBLIC INST,AINYE E LONG,,94,1651,5.69
4TH,SUPERINTENDENT PUBLIC INST,JOSEPH G CAMPBELL,,65,1651,3.94
5TH,22ND STATE SENATE DIST,SUSAN RUBIO,DEM,762,1412,53.97
5TH,22ND STATE SENATE DIST,VINCENT TSAI,REP,421,1412,29.82
5TH,22ND STATE SENATE DIST,KIMO MATEO,REP,229,1412,16.22
5TH,31ST CONGRESS DIST,GRACE F NAPOLITANO,DEM,742,1452,51.1
5TH,31ST CONGRESS DIST,DANIEL B MARTINEZ,REP,641,1452,44.15
5TH,31ST CONGRESS DIST,ROCCO A DE LUCA,DEM,69,1452,4.75
5TH,41ST ASSEMBLY DIST,CHRIS HOLDEN,DEM,892,892,100.0
5TH,ATTORNEY GENERAL,ROB BONTA,DEM,742,1484,50.0
5TH,ATTORNEY GENERAL,ERIC EARLY,REP,357,1484,24.06
5TH,ATTORNEY GENERAL,NATHAN HOCHMAN,REP,262,1484,17.65
5TH,ATTORNEY GENERAL,ANNE M SCHUBERT,NP,91,1484,6.13
5TH,ATTORNEY GENERAL,DAN KAPELOVITZ,GRN,32,1484,2.16
5TH,GOVERNOR,GAVIN NEWSOM,DEM,772,1509,51.16
5TH,GOVERNOR,BRIAN DAHLE,REP,290,1509,19.22
5TH,GOVERNOR,ANTHONY TRIMINO,REP,91,1509,6.03
5TH,GOVERNOR,M SHELLENBERGER,NP,65,1509,4.31
5TH,GOVERNOR,DAVID LOZANO,REP,54,1509,3.58
5TH,GOVERNOR,JENNY RAE LE ROUX,REP,45,1509,2.98
5TH,GOVERNOR,SHAWN COLLINS,REP,39,1509,2.58
5TH,GOVERNOR,ROBERT C NEWMAN II,REP,25,1509,1.66
5TH,GOVERNOR,RONALD A ANDERSON,REP,21,1509,1.39
5TH,GOVERNOR,LEO S ZACKY,REP,20,1509,1.33
5TH,GOVERNOR,MAJOR WILLIAMS,REP,16,1509,1.06
5TH,GOVERNOR,JOEL VENTRESCA,DEM,13,1509,0.86
5TH,GOVERNOR,DANIEL R MERCURI,REP,8,1509,0.53
5TH,GOVERNOR,LUIS J RODRIGUEZ,GRN,8,1509,0.53
5TH,GOVERNOR,RON JONES,REP,8,1509,0.53
5TH,GOVERNOR,A M PEREZ-SERRATO,DEM,7,1509,0.46
5TH,GOVERNOR,CRISTIAN R MORALES,REP,7,1509,0.46
5TH,GOVERNOR,JAMES G HANINK,NP,6,1509,0.4
5TH,GOVERNOR,REINETTE SENUM,NP,5,1509,0.33
5TH,GOVERNOR,BRADLEY ZINK,NP,2,1509,0.13
5TH,GOVERNOR,FREDERIC C SCHULTZ,NP,2,1509,0.13
5TH,GOVERNOR,LONNIE SORTOR,REP,2,1509,0.13
5TH,GOVERNOR,ANTHONY FANARA,DEM,1,1509,0.07
5TH,GOVERNOR,HEATHER COLLINS,GRN,1,1509,0.07
5TH,GOVERNOR,SERGE FIANKAN,NP,1,1509,0.07
5TH,GOVERNOR,W W SANDERS III,NP,0,1509,0.0
5TH,LIEUTENANT GOVERNOR,ELENI KOUNALAKIS,DEM,652,1470,44.35
5TH,LIEUTENANT GOVERNOR,A UNDERWOOD JACOBS,REP,338,1470,22.99
5TH,LIEUTENANT GOVERNOR,DAVID FENNELL,REP,224,1470,15.24
5TH,LIEUTENANT GOVERNOR,CLINT W SAUNDERS,REP,102,1470,6.94
5TH,LIEUTENANT GOVERNOR,WILLIAM C SAACKE,DEM,71,1470,4.83
5TH,LIEUTENANT GOVERNOR,JEFFREY H MORGAN,DEM,46,1470,3.13
5TH,LIEUTENANT GOVERNOR,MOHAMMAD ARIF,PF,23,1470,1.56
5TH,LIEUTENANT GOVERNOR,DAVID HILLBERG,NP,14,1470,0.95
5TH,SECRETARY OF STATE,SHIRLEY N WEBER,DEM,776,1466,52.93
5TH,SECRETARY OF STATE,ROB BERNOSKY,REP,306,1466,20.87
5TH,SECRETARY OF STATE,RACHEL HAMM,REP,240,1466,16.37
5TH,SECRETARY OF STATE,JAMES PAINE,REP,64,1466,4.37
5TH,SECRETARY OF STATE,RAUL RODRIGUEZ JR,REP,40,1466,2.73
5TH,SECRETARY OF STATE,GARY N BLENNER,GRN,28,1466,1.91
5TH,SECRETARY OF STATE,M D CINQUANTA,NP,12,1466,0.82
5TH,SUPERINTENDENT PUBLIC INST,TONY K THURMOND,,633,1354,46.75
5TH,SUPERINTENDENT PUBLIC INST,JIM GIBSON,,170,1354,12.56
5TH,SUPERINTENDENT PUBLIC INST,GEORGE YANG,,144,1354,10.64
5TH,SUPERINTENDENT PUBLIC INST,L R CHRISTENSEN,,141,1354,10.41
5TH,SUPERINTENDENT PUBLIC INST,AINYE E LONG,,105,1354,7.75
5TH,SUPERINTENDENT PUBLIC INST,MARCO AMARAL,,105,1354,7.75
5TH,SUPERINTENDENT PUBLIC INST,JOSEPH G CAMPBELL,,56,1354,4.14
5TH,SUPERVISOR 1ST DISTRICT,HILDA SOLIS,,358,604,59.27
5TH,SUPERVISOR 1ST DISTRICT,BRIAN SMITH,,85,604,14.07
5TH,SUPERVISOR 1ST DISTRICT,KEVIN DALTON,,75,604,12.42
5TH,SUPERVISOR 1ST DISTRICT,DAVID E ARGUDO,,57,604,9.44
5TH,SUPERVISOR 1ST DISTRICT,TAMMY SOLIS,,29,604,4.8
